{"UUID":"0nmtuZQXgmxSSRHUlnmRsd","layoutMainAxisSizing":null,"layoutCrossAxisSizing":null,"name":"food app","isVisible":true,"boundaryRectangle":null,"style":null,"prototypeNodeUUID":null,"child":null,"constraints":null,"debug":false,"pngPath":"/usr/src/app/temp-out/pb-tmp-4b6e186a-5b5e-47cf-8e46-618da2168043/testpro/lib/assets/images","pages":[{"UUID":"0:1","layoutMainAxisSizing":null,"layoutCrossAxisSizing":null,"name":"Page 1","isVisible":true,"boundaryRectangle":null,"style":null,"prototypeNodeUUID":null,"child":null,"constraints":null,"convert":true,"screens":[{"UUID":"15:58","layoutMainAxisSizing":null,"layoutCrossAxisSizing":null,"name":"shot 6","boundaryRectangle":null,"style":null,"prototypeNodeUUID":null,"child":null,"constraints":null,"convert":true,"imageURI":null,"pbdlType":"screen","designNode":{"UUID":"15:58","layoutMainAxisSizing":"NONE","layoutCrossAxisSizing":"NONE","name":"shot 6","isVisible":true,"style":{"UUID":"","layoutMainAxisSizing":null,"layoutCrossAxisSizing":null,"name":"","isVisible":true,"boundaryRectangle":null,"style":null,"prototypeNodeUUID":"","child":null,"constraints":null,"fills":[{"gradientStops":null,"gradientHandlePositions":[],"imageRef":null,"color":{"a":1.0,"r":1.0,"g":1.0,"b":1.0},"opacity":100,"blendMode":"NORMAL","type":"SOLID","isEnabled":true}],"borderOptions":{"borders":[],"strokeWeight":1.0,"strokeAlign":"INSIDE","strokeJoin":null,"strokeDashes":null,"cornerRadius":null},"effects":[],"textStyle":null,"clipsContent":true,"pbdlType":"style"},"prototypeNodeUUID":null,"child":null,"constraints":null,"backgroundColor":{"a":1.0,"r":1.0,"g":1.0,"b":1.0},"boundaryRectangle":{"constrainProportions":false,"constraints":null,"height":1200.0,"width":1600.0,"x":-2612.0,"y":3303.0,"z":0.0,"type":"boundaryBox"},"isFlowHome":false,"pbdlType":"artboard","children":[{"UUID":"15:59","layoutMainAxisSizing":"NONE","layoutCrossAxisSizing":"NONE","name":"Rectangle Copy","isVisible":true,"boundaryRectangle":{"constrainProportions":false,"constraints":null,"height":1200.0,"width":1600.0,"x":-2612.0,"y":3303.0,"z":0.0,"type":"boundaryBox"},"style":{"UUID":"","layoutMainAxisSizing":null,"layoutCrossAxisSizing":null,"name":"","isVisible":true,"boundaryRectangle":null,"style":null,"prototypeNodeUUID":"","child":null,"constraints":null,"fills":[{"gradientStops":null,"gradientHandlePositions":[],"imageRef":null,"color":{"a":1.0,"r":0.9291666746139526,"g":0.9291666746139526,"b":0.9291666746139526},"opacity":100,"blendMode":"NORMAL","type":"SOLID","isEnabled":true}],"borderOptions":{"borders":[],"strokeWeight":0.0,"strokeAlign":"CENTER","strokeJoin":null,"strokeDashes":null,"cornerRadius":null},"effects":[],"textStyle":null,"clipsContent":null,"pbdlType":"style"},"prototypeNodeUUID":null,"constraints":{"pinLeft":true,"pinRight":false,"pinTop":true,"pinBottom":false,"fixedHeight":true,"fixedWidth":true},"fixedRadius":0,"pbdlType":"rectangle","child":null},{"UUID":"15:60","layoutMainAxisSizing":"NONE","layoutCrossAxisSizing":"NONE","name":"Rectangle 5","isVisible":true,"boundaryRectangle":{"constrainProportions":false,"constraints":null,"height":812.0,"width":375.0,"x":-2433.0,"y":3527.0,"z":1.0,"type":"boundaryBox"},"style":{"UUID":"","layoutMainAxisSizing":null,"layoutCrossAxisSizing":null,"name":"","isVisible":true,"boundaryRectangle":null,"style":null,"prototypeNodeUUID":"","child":null,"constraints":null,"fills":[{"gradientStops":null,"gradientHandlePositions":[],"imageRef":null,"color":{"a":1.0,"r":1.0,"g":1.0,"b":1.0},"opacity":100,"blendMode":"NORMAL","type":"SOLID","isEnabled":false}],"borderOptions":{"borders":[],"strokeWeight":1.0,"strokeAlign":"INSIDE","strokeJoin":null,"strokeDashes":null,"cornerRadius":null},"effects":[],"textStyle":null,"clipsContent":false,"pbdlType":"style"},"prototypeNodeUUID":null,"constraints":{"pinLeft":true,"pinRight":false,"pinTop":true,"pinBottom":false,"fixedHeight":true,"fixedWidth":true},"children":[{"UUID":"15:61","layoutMainAxisSizing":"NONE","layoutCrossAxisSizing":"NONE","name":"Rectangle","isVisible":true,"boundaryRectangle":{"constrainProportions":false,"constraints":null,"height":812.0,"width":375.0,"x":-2433.0,"y":3527.0,"z":0.0,"type":"boundaryBox"},"style":{"UUID":"","layoutMainAxisSizing":null,"layoutCrossAxisSizing":null,"name":"","isVisible":true,"boundaryRectangle":null,"style":null,"prototypeNodeUUID":"","child":null,"constraints":null,"fills":[{"gradientStops":null,"gradientHandlePositions":[],"imageRef":null,"color":{"a":1.0,"r":1.0,"g":1.0,"b":1.0},"opacity":100,"blendMode":"NORMAL","type":"SOLID","isEnabled":true}],"borderOptions":{"borders":[{"blendMode":"NORMAL","type":"SOLID","color":{"a":1.0,"r":0.5920000076293945,"g":0.5920000076293945,"b":0.5920000076293945},"visible":false}],"strokeWeight":0.0,"strokeAlign":"CENTER","strokeJoin":null,"strokeDashes":null,"cornerRadius":47.999996185302734},"effects":[{"type":"DROP_SHADOW","visible":true,"radius":208.0,"color":{"a":0.04578234255313873,"r":0.19607843458652496,"g":0.23137255012989044,"b":0.38823530077934265},"blendMode":"NORMAL","offset":{"x":70.0,"y":133.0},"showShadowBehindNode":true,"pbdlType":"effect"}],"textStyle":null,"clipsContent":null,"pbdlType":"style"},"prototypeNodeUUID":null,"constraints":{"pinLeft":true,"pinRight":false,"pinTop":true,"pinBottom":false,"fixedHeight":true,"fixedWidth":true},"fixedRadius":47.999996185302734,"pbdlType":"rectangle","child":null},{"UUID":"15:62","layoutMainAxisSizing":"NONE","layoutCrossAxisSizing":"NONE","name":"Rectangle","isVisible":true,"boundaryRectangle":{"constrainProportions":false,"constraints":null,"height":812.0,"width":375.0,"x":-2433.0,"y":3527.0,"z":1.0,"type":"boundaryBox"},"child":null,"constraints":{"pinLeft":true,"pinRight":false,"pinTop":true,"pinBottom":false,"fixedHeight":true,"fixedWidth":true},"style":{"UUID":"","layoutMainAxisSizing":null,"layoutCrossAxisSizing":null,"name":"","isVisible":true,"boundaryRectangle":null,"style":null,"prototypeNodeUUID":"","child":null,"constraints":null,"fills":[{"gradientStops":null,"gradientHandlePositions":[],"imageRef":"2d5f26386e6520d7028a8014b45de0eb91743f9d","color":null,"opacity":100,"blendMode":"NORMAL","type":"IMAGE","isEnabled":true}],"borderOptions":{"borders":[{"blendMode":"NORMAL","type":"SOLID","color":{"a":1.0,"r":0.5920000076293945,"g":0.5920000076293945,"b":0.5920000076293945},"visible":false}],"strokeWeight":0.0,"strokeAlign":"CENTER","strokeJoin":null,"strokeDashes":null,"cornerRadius":47.999996185302734},"effects":[{"type":"DROP_SHADOW","visible":true,"radius":371.0,"color":{"a":0.07023055106401443,"r":0.19607843458652496,"g":0.23137255012989044,"b":0.38823530077934265},"blendMode":"NORMAL","offset":{"x":130.0,"y":133.0},"showShadowBehindNode":true,"pbdlType":"effect"}],"textStyle":null,"clipsContent":null,"pbdlType":"style"},"imageReference":"images/rectangle.png","prototypeNodeUUID":null,"pbdlType":"image"},{"UUID":"15:63","layoutMainAxisSizing":"NONE","layoutCrossAxisSizing":"NONE","name":"Food and restaurant","isVisible":true,"boundaryRectangle":{"constrainProportions":false,"constraints":null,"height":812.0,"width":375.0,"x":-2433.0,"y":3527.0,"z":2.0,"type":"boundaryBox"},"child":null,"constraints":{"pinLeft":true,"pinRight":false,"pinTop":true,"pinBottom":false,"fixedHeight":true,"fixedWidth":true},"style":{"UUID":"","layoutMainAxisSizing":null,"layoutCrossAxisSizing":null,"name":"","isVisible":true,"boundaryRectangle":null,"style":null,"prototypeNodeUUID":"","child":null,"constraints":null,"fills":[{"gradientStops":null,"gradientHandlePositions":[],"imageRef":"682d500f1dd5939c00778e9f7d776365c360f685","color":null,"opacity":100,"blendMode":"NORMAL","type":"IMAGE","isEnabled":true}],"borderOptions":{"borders":[],"strokeWeight":1.0,"strokeAlign":"INSIDE","strokeJoin":null,"strokeDashes":null,"cornerRadius":null},"effects":[],"textStyle":null,"clipsContent":null,"pbdlType":"style"},"imageReference":"images/foodandrestaurant.png","prototypeNodeUUID":null,"pbdlType":"image"}],"pbdlType":"group"},{"UUID":"15:64","layoutMainAxisSizing":"NONE","layoutCrossAxisSizing":"NONE","name":"Rectangle 7","isVisible":true,"boundaryRectangle":{"constrainProportions":false,"constraints":null,"height":812.0,"width":375.0,"x":-1567.0,"y":3547.0,"z":2.0,"type":"boundaryBox"},"style":{"UUID":"","layoutMainAxisSizing":null,"layoutCrossAxisSizing":null,"name":"","isVisible":true,"boundaryRectangle":null,"style":null,"prototypeNodeUUID":"","child":null,"constraints":null,"fills":[{"gradientStops":null,"gradientHandlePositions":[],"imageRef":null,"color":{"a":1.0,"r":1.0,"g":1.0,"b":1.0},"opacity":100,"blendMode":"NORMAL","type":"SOLID","isEnabled":false}],"borderOptions":{"borders":[],"strokeWeight":1.0,"strokeAlign":"INSIDE","strokeJoin":null,"strokeDashes":null,"cornerRadius":null},"effects":[],"textStyle":null,"clipsContent":false,"pbdlType":"style"},"prototypeNodeUUID":null,"constraints":{"pinLeft":true,"pinRight":false,"pinTop":true,"pinBottom":false,"fixedHeight":true,"fixedWidth":true},"children":[{"UUID":"15:65","layoutMainAxisSizing":"NONE","layoutCrossAxisSizing":"NONE","name":"Rectangle","isVisible":true,"boundaryRectangle":{"constrainProportions":false,"constraints":null,"height":812.0,"width":375.0,"x":-1567.0,"y":3547.0,"z":0.0,"type":"boundaryBox"},"style":{"UUID":"","layoutMainAxisSizing":null,"layoutCrossAxisSizing":null,"name":"","isVisible":true,"boundaryRectangle":null,"style":null,"prototypeNodeUUID":"","child":null,"constraints":null,"fills":[{"gradientStops":null,"gradientHandlePositions":[],"imageRef":null,"color":{"a":1.0,"r":1.0,"g":1.0,"b":1.0},"opacity":100,"blendMode":"NORMAL","type":"SOLID","isEnabled":true}],"borderOptions":{"borders":[{"blendMode":"NORMAL","type":"SOLID","color":{"a":1.0,"r":0.5920000076293945,"g":0.5920000076293945,"b":0.5920000076293945},"visible":false}],"strokeWeight":0.0,"strokeAlign":"CENTER","strokeJoin":null,"strokeDashes":null,"cornerRadius":47.999996185302734},"effects":[{"type":"DROP_SHADOW","visible":true,"radius":208.0,"color":{"a":0.04578234255313873,"r":0.19607843458652496,"g":0.23137255012989044,"b":0.38823530077934265},"blendMode":"NORMAL","offset":{"x":70.0,"y":133.0},"showShadowBehindNode":true,"pbdlType":"effect"}],"textStyle":null,"clipsContent":null,"pbdlType":"style"},"prototypeNodeUUID":null,"constraints":{"pinLeft":true,"pinRight":false,"pinTop":true,"pinBottom":false,"fixedHeight":true,"fixedWidth":true},"fixedRadius":47.999996185302734,"pbdlType":"rectangle","child":null},{"UUID":"15:66","layoutMainAxisSizing":"NONE","layoutCrossAxisSizing":"NONE","name":"Rectangle","isVisible":true,"boundaryRectangle":{"constrainProportions":false,"constraints":null,"height":812.0,"width":375.0,"x":-1567.0,"y":3547.0,"z":1.0,"type":"boundaryBox"},"style":{"UUID":"","layoutMainAxisSizing":null,"layoutCrossAxisSizing":null,"name":"","isVisible":true,"boundaryRectangle":null,"style":null,"prototypeNodeUUID":"","child":null,"constraints":null,"fills":[{"gradientStops":null,"gradientHandlePositions":[],"imageRef":null,"color":{"a":1.0,"r":1.0,"g":1.0,"b":1.0},"opacity":100,"blendMode":"NORMAL","type":"SOLID","isEnabled":true}],"borderOptions":{"borders":[{"blendMode":"NORMAL","type":"SOLID","color":{"a":1.0,"r":0.5920000076293945,"g":0.5920000076293945,"b":0.5920000076293945},"visible":false}],"strokeWeight":0.0,"strokeAlign":"CENTER","strokeJoin":null,"strokeDashes":null,"cornerRadius":47.999996185302734},"effects":[{"type":"DROP_SHADOW","visible":true,"radius":371.0,"color":{"a":0.07023055106401443,"r":0.19607843458652496,"g":0.23137255012989044,"b":0.38823530077934265},"blendMode":"NORMAL","offset":{"x":130.0,"y":133.0},"showShadowBehindNode":true,"pbdlType":"effect"}],"textStyle":null,"clipsContent":null,"pbdlType":"style"},"prototypeNodeUUID":null,"constraints":{"pinLeft":true,"pinRight":false,"pinTop":true,"pinBottom":false,"fixedHeight":true,"fixedWidth":true},"fixedRadius":47.999996185302734,"pbdlType":"rectangle","child":null},{"UUID":"15:67","layoutMainAxisSizing":"NONE","layoutCrossAxisSizing":"NONE","name":"track order","isVisible":true,"boundaryRectangle":{"constrainProportions":false,"constraints":null,"height":812.0,"width":375.0,"x":-1567.0,"y":3547.0,"z":2.0,"type":"boundaryBox"},"child":null,"constraints":{"pinLeft":true,"pinRight":false,"pinTop":true,"pinBottom":false,"fixedHeight":true,"fixedWidth":true},"style":{"UUID":"","layoutMainAxisSizing":null,"layoutCrossAxisSizing":null,"name":"","isVisible":true,"boundaryRectangle":null,"style":null,"prototypeNodeUUID":"","child":null,"constraints":null,"fills":[{"gradientStops":null,"gradientHandlePositions":[],"imageRef":"b67afe67e8027b00b0bc9953ec524ba2db1bd2a2","color":null,"opacity":100,"blendMode":"NORMAL","type":"IMAGE","isEnabled":true}],"borderOptions":{"borders":[],"strokeWeight":1.0,"strokeAlign":"INSIDE","strokeJoin":null,"strokeDashes":null,"cornerRadius":null},"effects":[],"textStyle":null,"clipsContent":null,"pbdlType":"style"},"imageReference":"images/trackorder.png","prototypeNodeUUID":null,"pbdlType":"image"}],"pbdlType":"group"},{"UUID":"15:68","layoutMainAxisSizing":"NONE","layoutCrossAxisSizing":"NONE","name":"Rectangle 6","isVisible":true,"boundaryRectangle":{"constrainProportions":false,"constraints":null,"height":812.0,"width":375.0,"x":-2000.0,"y":3447.0,"z":3.0,"type":"boundaryBox"},"style":{"UUID":"","layoutMainAxisSizing":null,"layoutCrossAxisSizing":null,"name":"","isVisible":true,"boundaryRectangle":null,"style":null,"prototypeNodeUUID":"","child":null,"constraints":null,"fills":[{"gradientStops":null,"gradientHandlePositions":[],"imageRef":null,"color":{"a":1.0,"r":1.0,"g":1.0,"b":1.0},"opacity":100,"blendMode":"NORMAL","type":"SOLID","isEnabled":false}],"borderOptions":{"borders":[],"strokeWeight":1.0,"strokeAlign":"INSIDE","strokeJoin":null,"strokeDashes":null,"cornerRadius":null},"effects":[],"textStyle":null,"clipsContent":false,"pbdlType":"style"},"prototypeNodeUUID":null,"constraints":{"pinLeft":true,"pinRight":false,"pinTop":true,"pinBottom":false,"fixedHeight":true,"fixedWidth":true},"children":[{"UUID":"15:69","layoutMainAxisSizing":"NONE","layoutCrossAxisSizing":"NONE","name":"Rectangle","isVisible":true,"boundaryRectangle":{"constrainProportions":false,"constraints":null,"height":812.0,"width":375.0,"x":-2000.0,"y":3447.0,"z":0.0,"type":"boundaryBox"},"style":{"UUID":"","layoutMainAxisSizing":null,"layoutCrossAxisSizing":null,"name":"","isVisible":true,"boundaryRectangle":null,"style":null,"prototypeNodeUUID":"","child":null,"constraints":null,"fills":[{"gradientStops":null,"gradientHandlePositions":[],"imageRef":null,"color":{"a":1.0,"r":1.0,"g":1.0,"b":1.0},"opacity":100,"blendMode":"NORMAL","type":"SOLID","isEnabled":true}],"borderOptions":{"borders":[{"blendMode":"NORMAL","type":"SOLID","color":{"a":1.0,"r":0.5920000076293945,"g":0.5920000076293945,"b":0.5920000076293945},"visible":false}],"strokeWeight":0.0,"strokeAlign":"CENTER","strokeJoin":null,"strokeDashes":null,"cornerRadius":47.999996185302734},"effects":[{"type":"DROP_SHADOW","visible":true,"radius":250.0,"color":{"a":0.15000000596046448,"r":0.19607843458652496,"g":0.23137255012989044,"b":0.38823530077934265},"blendMode":"NORMAL","offset":{"x":150.0,"y":180.0},"showShadowBehindNode":true,"pbdlType":"effect"}],"textStyle":null,"clipsContent":null,"pbdlType":"style"},"prototypeNodeUUID":null,"constraints":{"pinLeft":true,"pinRight":false,"pinTop":true,"pinBottom":false,"fixedHeight":true,"fixedWidth":true},"fixedRadius":47.999996185302734,"pbdlType":"rectangle","child":null},{"UUID":"15:70","layoutMainAxisSizing":"NONE","layoutCrossAxisSizing":"NONE","name":"Rectangle","isVisible":true,"boundaryRectangle":{"constrainProportions":false,"constraints":null,"height":812.0,"width":375.0,"x":-2000.0,"y":3447.0,"z":1.0,"type":"boundaryBox"},"style":{"UUID":"","layoutMainAxisSizing":null,"layoutCrossAxisSizing":null,"name":"","isVisible":true,"boundaryRectangle":null,"style":null,"prototypeNodeUUID":"","child":null,"constraints":null,"fills":[{"gradientStops":null,"gradientHandlePositions":[],"imageRef":null,"color":{"a":1.0,"r":1.0,"g":1.0,"b":1.0},"opacity":100,"blendMode":"NORMAL","type":"SOLID","isEnabled":true}],"borderOptions":{"borders":[{"blendMode":"NORMAL","type":"SOLID","color":{"a":1.0,"r":0.5920000076293945,"g":0.5920000076293945,"b":0.5920000076293945},"visible":false}],"strokeWeight":0.0,"strokeAlign":"CENTER","strokeJoin":null,"strokeDashes":null,"cornerRadius":47.999996185302734},"effects":[{"type":"DROP_SHADOW","visible":true,"radius":371.0,"color":{"a":0.07023055106401443,"r":0.19607843458652496,"g":0.23137255012989044,"b":0.38823530077934265},"blendMode":"NORMAL","offset":{"x":130.0,"y":133.0},"showShadowBehindNode":true,"pbdlType":"effect"}],"textStyle":null,"clipsContent":null,"pbdlType":"style"},"prototypeNodeUUID":null,"constraints":{"pinLeft":true,"pinRight":false,"pinTop":true,"pinBottom":false,"fixedHeight":true,"fixedWidth":true},"fixedRadius":47.999996185302734,"pbdlType":"rectangle","child":null},{"UUID":"15:71","layoutMainAxisSizing":"NONE","layoutCrossAxisSizing":"NONE","name":"Food Details","isVisible":true,"boundaryRectangle":{"constrainProportions":false,"constraints":null,"height":1094.0,"width":375.0,"x":-2000.0,"y":3447.0,"z":2.0,"type":"boundaryBox"},"child":null,"constraints":{"pinLeft":true,"pinRight":false,"pinTop":true,"pinBottom":false,"fixedHeight":true,"fixedWidth":true},"style":{"UUID":"","layoutMainAxisSizing":null,"layoutCrossAxisSizing":null,"name":"","isVisible":true,"boundaryRectangle":null,"style":null,"prototypeNodeUUID":"","child":null,"constraints":null,"fills":[{"gradientStops":null,"gradientHandlePositions":[],"imageRef":"87632e77bd4a0581d9fc01fbeeab77272e58c172","color":null,"opacity":100,"blendMode":"NORMAL","type":"IMAGE","isEnabled":true}],"borderOptions":{"borders":[],"strokeWeight":1.0,"strokeAlign":"INSIDE","strokeJoin":null,"strokeDashes":null,"cornerRadius":null},"effects":[],"textStyle":null,"clipsContent":null,"pbdlType":"style"},"imageReference":"images/fooddetails.png","prototypeNodeUUID":null,"pbdlType":"image"}],"pbdlType":"group"}]},"isVisible":true}],"pbdlType":"page"}],"miscPages":[],"sharedStyles":[],"globalStyles":{"UUID":"","layoutMainAxisSizing":null,"layoutCrossAxisSizing":null,"name":"","isVisible":false,"boundaryRectangle":null,"style":null,"prototypeNodeUUID":null,"child":null,"constraints":null,"pbdlType":"global_styles","designSystem":"material","colors":[],"textStyles":[],"themeColors":[],"themeTextStyles":[]},"pbdlType":"project"}